model,scope,fold,cohort_type,threshold,case_count,macro_case_dice,median_case_dice,zero_dice_case_count,case_dice_lt_0_30_count,voxel_dice,voxel_sensitivity,voxel_precision,tp,fp,fn
nnUNetResEnc_Layer1_sourceaware,fold,0,all,0.05,618,0.5895825651908734,0.692592498876105,44,124,0.7579808277716441,0.8669054500339025,0.6733730895075555,9207942.0,4466412.0,1413680.0
nnUNetResEnc_Layer1_sourceaware,fold,0,all,0.1,618,0.5950512144362788,0.7001965786444082,45,120,0.7721419845109116,0.8472199443738442,0.7092871903546054,8998850.0,3688324.0,1622772.0
nnUNetResEnc_Layer1_sourceaware,fold,0,all,0.2,618,0.5988929213381969,0.6968094811496559,47,116,0.7807504746023773,0.826083906958843,0.7401337720985285,8774351.0,3080737.0,1847271.0
nnUNetResEnc_Layer1_sourceaware,fold,0,all,0.3,618,0.6005228430847899,0.6984949678019275,49,118,0.783873871805822,0.8117687675196876,0.757832397267504,8622301.0,2755282.0,1999321.0
nnUNetResEnc_Layer1_sourceaware,fold,0,all,0.4,618,0.6012013482548519,0.7014236332453392,51,119,0.7850826631812843,0.7994096381889696,0.7712601811742629,8491027.0,2518263.0,2130595.0
nnUNetResEnc_Layer1_sourceaware,fold,0,all,0.5,618,0.6014544245728831,0.7050086876995801,53,120,0.785204762112868,0.7874221093539198,0.7829998677165833,8363700.0,2317911.0,2257922.0
nnUNetResEnc_Layer1_sourceaware,fold,0,all,0.6,618,0.6013848482595463,0.7033225105019483,56,117,0.7842956846078635,0.7746817764744406,0.7941512111216226,8228377.0,2132845.0,2393245.0
nnUNetResEnc_Layer1_sourceaware,fold,0,all,0.7,618,0.6007868654287163,0.7030579236909819,60,120,0.7820235940606667,0.7594679042428737,0.8059600701734825,8066781.0,1942128.0,2554841.0
nnUNetResEnc_Layer1_sourceaware,fold,0,all,0.8,618,0.5997368128488857,0.6967824202288107,62,122,0.7766032557560184,0.7378418286773903,0.8196630388627536,7837077.0,1724263.0,2784545.0
nnUNetResEnc_Layer1_sourceaware,fold,0,all,0.9,618,0.5956409535319377,0.6960973143215581,64,122,0.7600264075590659,0.694423318773724,0.8393178767524521,7375902.0,1412070.0,3245720.0
nnUNetResEnc_Layer1_sourceaware,fold,0,nca,0.05,251,0.4538961763866087,0.4966476285075739,34,87,0.6093682111043796,0.7206140551084232,0.527876506761055,1294501.0,1157779.0,501885.0
nnUNetResEnc_Layer1_sourceaware,fold,0,nca,0.1,251,0.4577005345968721,0.5077697526811118,35,85,0.6141755548332011,0.6931310976594117,0.5513684011024437,1245131.0,1013125.0,551255.0
nnUNetResEnc_Layer1_sourceaware,fold,0,nca,0.2,251,0.46013065196493325,0.5159278235687236,37,84,0.6148841538056928,0.6631136069864717,0.5731946678625786,1191208.0,886983.0,605178.0
nnUNetResEnc_Layer1_sourceaware,fold,0,nca,0.3,251,0.46091715170592856,0.5293284216491924,39,86,0.6137319396549208,0.6436756910819835,0.5864503092800237,1156290.0,815386.0,640096.0
nnUNetResEnc_Layer1_sourceaware,fold,0,nca,0.4,251,0.4607895891578145,0.5316983445738811,40,88,0.6108719762743499,0.6264026773755752,0.5960927633642135,1125261.0,762467.0,671125.0
nnUNetResEnc_Layer1_sourceaware,fold,0,nca,0.5,251,0.46036643835342206,0.541958041958042,41,89,0.606509878685052,0.6090328025268511,0.6040077710810449,1094058.0,717273.0,702328.0
nnUNetResEnc_Layer1_sourceaware,fold,0,nca,0.6,251,0.45959650151280923,0.5403432629710002,42,88,0.600581752938498,0.5903219018629626,0.6112045463714907,1060446.0,674564.0,735940.0
nnUNetResEnc_Layer1_sourceaware,fold,0,nca,0.7,251,0.4580412801698181,0.5351842987075156,46,90,0.5923756659329441,0.5685337115742385,0.6183048146731049,1021306.0,630478.0,775080.0
nnUNetResEnc_Layer1_sourceaware,fold,0,nca,0.8,251,0.45647865883513916,0.5231016472478908,47,91,0.5796822893073782,0.5392671730908614,0.6266459667507601,968732.0,577168.0,827654.0
nnUNetResEnc_Layer1_sourceaware,fold,0,nca,0.9,251,0.45164619057465627,0.5196687370600414,49,91,0.5462759191648772,0.47934686643071145,0.6349280786666313,861092.0,495112.0,935294.0
nnUNetResEnc_Layer1_sourceaware,fold,0,pca,0.05,367,0.6823817030379318,0.7534791252485089,10,37,0.7894765931189771,0.8966832161768818,0.7051674227063554,7913441.0,3308633.0,911795.0
nnUNetResEnc_Layer1_sourceaware,fold,0,pca,0.1,367,0.6889886003754934,0.7541322314049587,10,35,0.8054073941654357,0.878584889967815,0.743482593304502,7753719.0,2675199.0,1071517.0
nnUNetResEnc_Layer1_sourceaware,fold,0,pca,0.2,367,0.6937957268223636,0.7580967612954818,10,32,0.8152982241337593,0.8592566816343495,0.7756185832785187,7583143.0,2193754.0,1242093.0
nnUNetResEnc_Layer1_sourceaware,fold,0,pca,0.3,367,0.6960024848725119,0.7582833410244578,10,32,0.8190392670388247,0.8459842886921097,0.7937576886524607,7466011.0,1939896.0,1359225.0
nnUNetResEnc_Layer1_sourceaware,fold,0,pca,0.4,367,0.6972322788634528,0.758384668035592,11,31,0.8208445874300251,0.8346253856554091,0.8075114766527925,7365766.0,1755796.0,1459470.0
nnUNetResEnc_Layer1_sourceaware,fold,0,pca,0.5,367,0.6979478429409607,0.7575336114974501,12,31,0.8216366225206431,0.8237334389697907,0.8195504538751877,7269642.0,1600638.0,1555594.0
nnUNetResEnc_Layer1_sourceaware,fold,0,pca,0.6,367,0.6983572597947799,0.7573940020682524,14,29,0.8214712039940755,0.8122084213951899,0.8309476975525294,7167931.0,1458281.0,1657305.0
nnUNetResEnc_Layer1_sourceaware,fold,0,pca,0.7,367,0.6984139550744473,0.7586346192688346,14,30,0.8200822925324407,0.7983327584667425,0.843050091987376,7045475.0,1311650.0,1779761.0
nnUNetResEnc_Layer1_sourceaware,fold,0,pca,0.8,367,0.6977144604168709,0.7588126159554731,15,31,0.8156851898344223,0.778261907103674,0.8568893285958101,6868345.0,1147095.0,1956891.0
nnUNetResEnc_Layer1_sourceaware,fold,0,pca,0.9,367,0.6941223854182523,0.7557023753342772,15,31,0.8014773201753533,0.7382023551551482,0.8766164390492276,6514810.0,916958.0,2310426.0
nnUNetResEnc_Layer1_sourceaware,fold,1,all,0.05,618,0.5963016344583425,0.6982032715811191,51,117,0.7556506359025175,0.8639757033858301,0.6714627913790815,8563868.0,4190179.0,1348295.0
nnUNetResEnc_Layer1_sourceaware,fold,1,all,0.1,618,0.5989880381404611,0.6997699186462749,54,116,0.7695157979527577,0.8488958464464316,0.7037118686564149,8414394.0,3542764.0,1497769.0
nnUNetResEnc_Layer1_sourceaware,fold,1,all,0.2,618,0.600189792756894,0.6975659804477661,56,116,0.7786945844684063,0.833141464683339,0.7309275187917751,8258234.0,3040060.0,1653929.0
nnUNetResEnc_Layer1_sourceaware,fold,1,all,0.3,618,0.6001427830264225,0.6991681658738622,57,115,0.7829515017577948,0.8227854001190255,0.7467964903898145,8155583.0,2765174.0,1756580.0
nnUNetResEnc_Layer1_sourceaware,fold,1,all,0.4,618,0.5995222183449732,0.7007690978232237,59,114,0.7856264714282425,0.8140889127832139,0.7590870239985822,8069382.0,2560996.0,1842781.0
nnUNetResEnc_Layer1_sourceaware,fold,1,all,0.5,618,0.5985291065881866,0.7013411186634113,60,115,0.787544906093888,0.8057947594283912,0.7701034001269241,7987169.0,2384385.0,1924994.0
nnUNetResEnc_Layer1_sourceaware,fold,1,all,0.6,618,0.5973121356793577,0.7007565615692891,63,114,0.7887532490002221,0.7970438944557308,0.7806333023007275,7900429.0,2220109.0,2011734.0
nnUNetResEnc_Layer1_sourceaware,fold,1,all,0.7,618,0.5959030986158028,0.6977838316727145,64,117,0.7893315993416566,0.786839058235826,0.7918399823261176,7799277.0,2050285.0,2112886.0
nnUNetResEnc_Layer1_sourceaware,fold,1,all,0.8,618,0.5935867290546145,0.6902391383605361,64,122,0.788643459089436,0.7729635801993975,0.8049726550097531,7661741.0,1856273.0,2250422.0
nnUNetResEnc_Layer1_sourceaware,fold,1,all,0.9,618,0.589155967278804,0.6910333074588811,68,124,0.7838701179194133,0.747154884357733,0.8243802082968086,7405921.0,1577702.0,2506242.0
nnUNetResEnc_Layer1_sourceaware,fold,1,nca,0.05,252,0.47200046557393016,0.5307927187917163,39,80,0.5696228003067649,0.5864496945800071,0.5537345944431661,907267.0,731184.0,639783.0
nnUNetResEnc_Layer1_sourceaware,fold,1,nca,0.1,252,0.47040637499726995,0.5230051839520931,42,79,0.5662543702479585,0.5641297954170841,0.5683950083396236,872737.0,662704.0,674313.0
nnUNetResEnc_Layer1_sourceaware,fold,1,nca,0.2,252,0.46884387004855693,0.5204705296771774,44,81,0.5606097468614886,0.5406716007885977,0.5820746996537249,836446.0,600562.0,710604.0
nnUNetResEnc_Layer1_sourceaware,fold,1,nca,0.3,252,0.46738829042842706,0.5169474837729882,44,80,0.5566658220844903,0.5261568792217446,0.5909306389308538,813991.0,563482.0,733059.0
nnUNetResEnc_Layer1_sourceaware,fold,1,nca,0.4,252,0.46575567923301486,0.5210524242782307,45,79,0.5533057726336079,0.514706699848098,0.5981634656772858,796277.0,534926.0,750773.0
nnUNetResEnc_Layer1_sourceaware,fold,1,nca,0.5,252,0.4636507038180893,0.5219181700308944,46,80,0.5501007495683294,0.5044323066481368,0.6048614808906954,780382.0,509801.0,766668.0
nnUNetResEnc_Layer1_sourceaware,fold,1,nca,0.6,252,0.46142973539114224,0.5222365276171375,48,79,0.5466926216048057,0.49440742057464204,0.6113442775468315,764873.0,486260.0,782177.0
nnUNetResEnc_Layer1_sourceaware,fold,1,nca,0.7,252,0.4587454778123857,0.5230145364497742,48,81,0.5431036702968325,0.48389903364467857,0.6188151835451252,748616.0,461141.0,798434.0
nnUNetResEnc_Layer1_sourceaware,fold,1,nca,0.8,252,0.45505151290866097,0.5172191161842108,48,83,0.5381324727123713,0.4706790342910701,0.628153756039658,728164.0,431049.0,818886.0
nnUNetResEnc_Layer1_sourceaware,fold,1,nca,0.9,252,0.44838539883304357,0.5065830842561636,51,85,0.5269020348422595,0.44654406774183125,0.6425284234649841,690826.0,384342.0,856224.0
nnUNetResEnc_Layer1_sourceaware,fold,1,pca,0.05,366,0.6818860458213801,0.7531052304145964,12,37,0.7860700552531225,0.915301562573034,0.6888160562870403,7656601.0,3458995.0,708512.0
nnUNetResEnc_Layer1_sourceaware,fold,1,pca,0.1,366,0.6875196750587227,0.7641800178330289,12,37,0.8028663696855722,0.9015606842370211,0.7236482241841723,7541657.0,2880060.0,823456.0
nnUNetResEnc_Layer1_sourceaware,fold,1,pca,0.2,366,0.6906246903593557,0.7692334247651904,12,35,0.8143998164420739,0.8872310511525666,0.7526186746840118,7421788.0,2439498.0,943325.0
nnUNetResEnc_Layer1_sourceaware,fold,1,pca,0.3,366,0.6915475156348795,0.7690286820614338,13,35,0.8199049864708717,0.8776440915980454,0.7692940920546847,7341592.0,2201692.0,1023521.0
nnUNetResEnc_Layer1_sourceaware,fold,1,pca,0.4,366,0.6916237698646822,0.765581836566501,14,35,0.8234812521172662,0.869456874043423,0.7821236830148911,7273105.0,2026070.0,1092008.0
nnUNetResEnc_Layer1_sourceaware,fold,1,pca,0.5,366,0.6913962035774335,0.7635574872055372,14,35,0.8261592421716605,0.8615289476663376,0.7935791853454727,7206787.0,1874584.0,1158326.0
nnUNetResEnc_Layer1_sourceaware,fold,1,pca,0.6,366,0.6908705096482937,0.7631450722626645,15,35,0.8280540250675998,0.853013701070147,0.8045134932952097,7135556.0,1733849.0,1229557.0
nnUNetResEnc_Layer1_sourceaware,fold,1,pca,0.7,366,0.6903394932673356,0.7630658087468299,16,36,0.8292496323710588,0.8428650037363512,0.8160671450339446,7050661.0,1589144.0,1314452.0
nnUNetResEnc_Layer1_sourceaware,fold,1,pca,0.8,366,0.6889716319747806,0.7634241015132408,16,39,0.8291811354686469,0.8288683010020307,0.8294942061666499,6933577.0,1425224.0,1431536.0
nnUNetResEnc_Layer1_sourceaware,fold,1,pca,0.9,366,0.6860799652250663,0.764112679109989,17,39,0.8252763008087716,0.8027500644641621,0.8491032698548578,6715095.0,1193360.0,1650018.0
nnUNetResEnc_Layer1_sourceaware,fold,2,all,0.05,617,0.5697937557621776,0.6766659524319691,58,136,0.7708156842681272,0.8625162734024674,0.6967400153751451,9824508.0,4276172.0,1566011.0
nnUNetResEnc_Layer1_sourceaware,fold,2,all,0.1,617,0.5725981019263694,0.6745843230403801,60,135,0.7827532541202765,0.8441242229612189,0.7297012600250307,9615013.0,3561630.0,1775506.0
nnUNetResEnc_Layer1_sourceaware,fold,2,all,0.2,617,0.5736185852877558,0.679970436067997,64,135,0.7899814338733322,0.8244124784832016,0.7583110710432059,9390486.0,2992936.0,2000033.0
nnUNetResEnc_Layer1_sourceaware,fold,2,all,0.3,617,0.5735806659965718,0.6845901523702032,65,135,0.7927303958756607,0.8116977812863487,0.7746292119712862,9245659.0,2689934.0,2144860.0
nnUNetResEnc_Layer1_sourceaware,fold,2,all,0.4,617,0.5733286708567225,0.6848202196479615,66,139,0.7941424288700667,0.801346101964274,0.7870671162247742,9127748.0,2469418.0,2262771.0
nnUNetResEnc_Layer1_sourceaware,fold,2,all,0.5,617,0.572930557675036,0.6833836858006043,69,139,0.794659284315361,0.7914259218565897,0.7979191748925856,9014752.0,2283074.0,2375767.0
nnUNetResEnc_Layer1_sourceaware,fold,2,all,0.6,617,0.5722698921748295,0.6846655543758532,71,141,0.7943579117731538,0.7809578299285572,0.8082258729242654,8895515.0,2110709.0,2495004.0
nnUNetResEnc_Layer1_sourceaware,fold,2,all,0.7,617,0.5711818511104556,0.6828325426111403,77,141,0.792883990999603,0.768512655130113,0.8188516957218633,8753758.0,1936527.0,2636761.0
nnUNetResEnc_Layer1_sourceaware,fold,2,all,0.8,617,0.569759281539108,0.6821813129558875,78,141,0.7895121479628243,0.7517338762175806,0.8312884212844049,8562639.0,1737804.0,2827880.0
nnUNetResEnc_Layer1_sourceaware,fold,2,all,0.9,617,0.5662864291951679,0.6724982505248426,83,144,0.7812689382233315,0.7224248517560965,0.850549211793296,8228794.0,1445889.0,3161725.0
nnUNetResEnc_Layer1_sourceaware,fold,2,nca,0.05,251,0.4530866476867834,0.49169435215946844,39,86,0.5783155254993556,0.6116044254339064,0.5484633206436983,892233.0,734554.0,566607.0
nnUNetResEnc_Layer1_sourceaware,fold,2,nca,0.1,251,0.45159338839935664,0.4951856946354883,40,86,0.5714984698748061,0.5804700995311344,0.5627999465653979,846813.0,657830.0,612027.0
nnUNetResEnc_Layer1_sourceaware,fold,2,nca,0.2,251,0.4483776447713027,0.49280994947532064,42,86,0.5595982807779054,0.5453476734940089,0.5746136439638031,795575.0,588964.0,663265.0
nnUNetResEnc_Layer1_sourceaware,fold,2,nca,0.3,251,0.44567676797970635,0.49188466679396603,42,86,0.5509352154953507,0.5231307065887966,0.5818612662026501,763164.0,548427.0,695676.0
nnUNetResEnc_Layer1_sourceaware,fold,2,nca,0.4,251,0.44354515129422184,0.4899029635457645,42,89,0.5448855516424451,0.507422335554276,0.5883215960109264,740248.0,517989.0,718592.0
nnUNetResEnc_Layer1_sourceaware,fold,2,nca,0.5,251,0.44189274853813354,0.4841463414634146,44,88,0.5387715171030045,0.4930191110745524,0.5938842561666492,719236.0,491835.0,739604.0
nnUNetResEnc_Layer1_sourceaware,fold,2,nca,0.6,251,0.44018903228388256,0.4794952681388013,45,90,0.5310970618325077,0.4771962655260344,0.5987248930530494,696153.0,466573.0,762687.0
nnUNetResEnc_Layer1_sourceaware,fold,2,nca,0.7,251,0.43773258869562626,0.49233954451345757,48,90,0.5206797974885589,0.45795152312796467,0.6033200401684764,668078.0,439258.0,790762.0
nnUNetResEnc_Layer1_sourceaware,fold,2,nca,0.8,251,0.4350966100537515,0.48706190632165086,49,91,0.5073102620524105,0.4345994077486222,0.6092393288874368,634011.0,406649.0,824829.0
nnUNetResEnc_Layer1_sourceaware,fold,2,nca,0.9,251,0.42946324043147643,0.4931255728689276,52,94,0.4921798379616547,0.40592319925420195,0.6249862797412993,592177.0,355327.0,866663.0
nnUNetResEnc_Layer1_sourceaware,fold,2,pca,0.05,366,0.649830597639019,0.7494251437575052,19,50,0.7973262186745332,0.8993721001252658,0.7160775709716285,8932275.0,3541618.0,999404.0
nnUNetResEnc_Layer1_sourceaware,fold,2,pca,0.1,366,0.6555822087440747,0.7502478819668341,20,49,0.811732112849853,0.882851731313507,0.7512165867032213,8768200.0,2903800.0,1163479.0
nnUNetResEnc_Layer1_sourceaware,fold,2,pca,0.2,366,0.6595078641665268,0.7536022346086062,22,49,0.8212785686308853,0.8654036241002151,0.78143489661632,8594911.0,2403972.0,1336768.0
nnUNetResEnc_Layer1_sourceaware,fold,2,pca,0.3,366,0.6612961807567724,0.7536957307698025,23,49,0.8253188011625594,0.8540846920243798,0.798427466410492,8482495.0,2141507.0,1449184.0
nnUNetResEnc_Layer1_sourceaware,fold,2,pca,0.4,366,0.6623332156933,0.7538642469999259,24,50,0.8275528785323065,0.8445198440263726,0.8112542411307786,8387500.0,1951429.0,1544179.0
nnUNetResEnc_Layer1_sourceaware,fold,2,pca,0.5,366,0.6627952847060805,0.7572190670220154,25,51,0.8287877063710378,0.835258167324981,0.8224167237134242,8295516.0,1791239.0,1636163.0
nnUNetResEnc_Layer1_sourceaware,fold,2,pca,0.6,366,0.6628499354333754,0.7606716919966412,26,51,0.8292580137209391,0.8255766220394356,0.8329723844105013,8199362.0,1644136.0,1732317.0
nnUNetResEnc_Layer1_sourceaware,fold,2,pca,0.7,366,0.6627003343512259,0.7609431728492502,29,51,0.8286788761743242,0.8141302190697062,0.8437569687577383,8085680.0,1497269.0,1845999.0
nnUNetResEnc_Layer1_sourceaware,fold,2,pca,0.8,366,0.6621099114375355,0.7603969567475195,29,50,0.8262661802420264,0.7983169814489575,0.8562433914488061,7928628.0,1331155.0,2003051.0
nnUNetResEnc_Layer1_sourceaware,fold,2,pca,0.9,366,0.6601187253145315,0.7584404185162382,31,50,0.8185513818691369,0.7689150042001962,0.875038428798126,7636617.0,1090562.0,2295062.0
nnUNetResEnc_Layer1_sourceaware,fold,3,all,0.05,617,0.5944359542933195,0.7060285891858297,65,120,0.7727177214063059,0.8390881777494561,0.7160772235821607,8090166.0,3207730.0,1551450.0
nnUNetResEnc_Layer1_sourceaware,fold,3,all,0.1,617,0.5966130575352275,0.708540298029162,65,122,0.7845465423771742,0.8243745654255469,0.7483895831305031,7948303.0,2672239.0,1693313.0
nnUNetResEnc_Layer1_sourceaware,fold,3,all,0.2,617,0.597760773657836,0.7122549019607843,69,123,0.7919333382816781,0.8089188575856994,0.7756464661191427,7799285.0,2255921.0,1842331.0
nnUNetResEnc_Layer1_sourceaware,fold,3,all,0.3,617,0.5975762439316188,0.7116212338593975,70,124,0.7946456543958095,0.7981591467654385,0.7911629592070465,7695544.0,2031332.0,1946072.0
nnUNetResEnc_Layer1_sourceaware,fold,3,all,0.4,617,0.5972678210479037,0.7106782106782107,71,124,0.7959644062721747,0.7889713716040962,0.8030825148241681,7606959.0,1865242.0,2034657.0
nnUNetResEnc_Layer1_sourceaware,fold,3,all,0.5,617,0.5965426491483362,0.7104891922639363,72,126,0.7963937228488518,0.7800047212002635,0.8134862180692988,7520506.0,1724280.0,2121110.0
nnUNetResEnc_Layer1_sourceaware,fold,3,all,0.6,617,0.5955822686208532,0.7089324618736383,72,129,0.796116895009856,0.7705189669449602,0.8234740804645033,7429048.0,1592545.0,2212568.0
nnUNetResEnc_Layer1_sourceaware,fold,3,all,0.7,617,0.5942953039670817,0.7071005917159763,72,129,0.7950570645395945,0.759054602464981,0.8346448206836902,7318513.0,1449903.0,2323103.0
nnUNetResEnc_Layer1_sourceaware,fold,3,all,0.8,617,0.5923309335773607,0.7059112695096473,76,130,0.7922983512313659,0.7433930162744503,0.8480914448961413,7167510.0,1283831.0,2474106.0
nnUNetResEnc_Layer1_sourceaware,fold,3,all,0.9,617,0.5879374502909667,0.7035928143712575,82,132,0.7834443853206634,0.7139728443862523,0.8678927617523893,6883852.0,1047833.0,2757764.0
nnUNetResEnc_Layer1_sourceaware,fold,3,nca,0.05,251,0.4381584450427871,0.4773347897323867,50,91,0.43279944803096637,0.3617425449723982,0.5385954832945679,425610.0,364612.0,750945.0
nnUNetResEnc_Layer1_sourceaware,fold,3,nca,0.1,251,0.4369460664277007,0.4798464491362764,50,93,0.4297168511254589,0.34851749386981484,0.5602457129350427,410050.0,321861.0,766505.0
nnUNetResEnc_Layer1_sourceaware,fold,3,nca,0.2,251,0.43566594377243667,0.46772908366533866,53,94,0.4245845122891338,0.335172601365852,0.5790555651000483,394349.0,286672.0,782206.0
nnUNetResEnc_Layer1_sourceaware,fold,3,nca,0.3,251,0.4337099872910506,0.4669603524229075,54,95,0.41961238083514557,0.32594226364258366,0.5888325886345142,383489.0,267781.0,793066.0
nnUNetResEnc_Layer1_sourceaware,fold,3,nca,0.4,251,0.4322038049876002,0.4618226600985222,54,95,0.4149192390862207,0.31817722078440874,0.5961917927336373,374353.0,253554.0,802202.0
nnUNetResEnc_Layer1_sourceaware,fold,3,nca,0.5,251,0.43036343915123915,0.46523754345307067,55,97,0.4101933527560786,0.3108949432878191,0.6026896416502312,365785.0,241136.0,810770.0
nnUNetResEnc_Layer1_sourceaware,fold,3,nca,0.6,251,0.4281828638515112,0.46337308347529815,55,99,0.40545576617302487,0.30386084798415713,0.6091096659437043,357509.0,229428.0,819046.0
nnUNetResEnc_Layer1_sourceaware,fold,3,nca,0.7,251,0.4254896517738712,0.4639175257731959,55,99,0.4000918661166183,0.29612980268665723,0.6165401426270991,348413.0,216697.0,828142.0
nnUNetResEnc_Layer1_sourceaware,fold,3,nca,0.8,251,0.4220579836104391,0.4712041884816754,58,99,0.3927083964908517,0.2862628606397491,0.6251779638522237,336804.0,201929.0,839751.0
nnUNetResEnc_Layer1_sourceaware,fold,3,nca,0.9,251,0.4157820174817186,0.4722100656455142,64,101,0.3790500285156441,0.26945701645906905,0.6389036115684659,317031.0,179180.0,859524.0
nnUNetResEnc_Layer1_sourceaware,fold,3,pca,0.05,366,0.701609874571691,0.7700964653766935,15,29,0.8079547835354259,0.905434231365846,0.7294246090999777,7664556.0,2843118.0,800505.0
nnUNetResEnc_Layer1_sourceaware,fold,3,pca,0.1,366,0.7061114585406613,0.7736275824378789,15,29,0.8214426830307493,0.8905137245909982,0.7623151273416917,7538253.0,2350378.0,926808.0
nnUNetResEnc_Layer1_sourceaware,fold,3,pca,0.2,366,0.7089241679235061,0.7764732522068911,16,29,0.83018486319433,0.8747646354822487,0.7899285111185665,7404936.0,1969249.0,1060125.0
nnUNetResEnc_Layer1_sourceaware,fold,3,pca,0.3,366,0.7099544691140854,0.7779823379446844,16,29,0.8337259922898029,0.8637923577869079,0.8056822872213713,7312055.0,1763551.0,1153006.0
nnUNetResEnc_Layer1_sourceaware,fold,3,pca,0.4,366,0.7104674604772381,0.7789871877333983,17,29,0.8356875227297609,0.8544068377061902,0.8177708701225898,7232606.0,1611688.0,1232455.0
nnUNetResEnc_Layer1_sourceaware,fold,3,pca,0.5,366,0.7105070800479854,0.7807896352610846,17,29,0.8366663107821434,0.8452060770737505,0.8282973859860047,7154721.0,1483144.0,1310340.0
nnUNetResEnc_Layer1_sourceaware,fold,3,pca,0.6,366,0.7103834997604835,0.7815727353879656,17,30,0.836882534778541,0.8353795678495406,0.8383909195585452,7071539.0,1363117.0,1393522.0
nnUNetResEnc_Layer1_sourceaware,fold,3,pca,0.7,366,0.7100609288318244,0.7823504969483316,17,30,0.8363266779523153,0.8233963110248113,0.8496696331942268,6970100.0,1233206.0,1494961.0
nnUNetResEnc_Layer1_sourceaware,fold,3,pca,0.8,366,0.7091028200300866,0.7793574613048162,18,31,0.8341487424126107,0.8069293298654315,0.8632685961442801,6830706.0,1081902.0,1634355.0
nnUNetResEnc_Layer1_sourceaware,fold,3,pca,0.9,366,0.7060003290754512,0.7809931836556505,18,31,0.8259874274670632,0.775755898274094,0.8831744956676602,6566821.0,868653.0,1898240.0
nnUNetResEnc_Layer1_sourceaware,fold,4,all,0.05,617,0.6005009305615776,0.699711046899311,49,111,0.7662873472798747,0.8348524442318539,0.7081297801924893,8531287.0,3516345.0,1687629.0
nnUNetResEnc_Layer1_sourceaware,fold,4,all,0.1,617,0.6033131137866178,0.7045033929673041,51,110,0.7786827401503038,0.8191737753789149,0.7420060379353378,8371068.0,2910603.0,1847848.0
nnUNetResEnc_Layer1_sourceaware,fold,4,all,0.2,617,0.6047191196922478,0.7059575737770137,56,108,0.7859344057511136,0.8012472164366553,0.771195912110989,8187878.0,2429240.0,2031038.0
nnUNetResEnc_Layer1_sourceaware,fold,4,all,0.3,617,0.6049934627931524,0.7048286604361371,61,107,0.7881579705099058,0.7888515768208683,0.7874655828491862,8061208.0,2175694.0,2157708.0
nnUNetResEnc_Layer1_sourceaware,fold,4,all,0.4,617,0.6049833094568852,0.7020857929948839,63,107,0.788863858826281,0.7782848983199392,0.7997343747313305,7953228.0,1991609.0,2265688.0
nnUNetResEnc_Layer1_sourceaware,fold,4,all,0.5,617,0.6047391542370413,0.7030033370411568,63,107,0.788609051473779,0.7681508488767301,0.8101867997974964,7849669.0,1839046.0,2369247.0
nnUNetResEnc_Layer1_sourceaware,fold,4,all,0.6,617,0.6040775090863344,0.7072911122937733,63,108,0.7874930162511277,0.7575194864112789,0.8199362525966496,7741028.0,1699984.0,2477888.0
nnUNetResEnc_Layer1_sourceaware,fold,4,all,0.7,617,0.6032096743806928,0.7041095890410959,65,111,0.7852422937023007,0.7450128761211071,0.830064344720933,7613224.0,1558624.0,2605692.0
nnUNetResEnc_Layer1_sourceaware,fold,4,all,0.8,617,0.6017307924533418,0.6994871794871795,66,111,0.7808487020491476,0.7281279149373574,0.8418000253195805,7440678.0,1398331.0,2778238.0
nnUNetResEnc_Layer1_sourceaware,fold,4,all,0.9,617,0.5983425368294527,0.6982024597918638,66,116,0.7693326519216878,0.6969337060799795,0.8585172362664982,7121907.0,1173683.0,3097009.0
nnUNetResEnc_Layer1_sourceaware,fold,4,nca,0.05,251,0.46616408501382023,0.5253822629969419,39,82,0.5394104740360247,0.5081226407234367,0.5748042513702404,792839.0,586481.0,767491.0
nnUNetResEnc_Layer1_sourceaware,fold,4,nca,0.1,251,0.4659241655802196,0.5166666666666667,40,80,0.5432751737907118,0.4972794216608025,0.5986468876796415,775920.0,520203.0,784410.0
nnUNetResEnc_Layer1_sourceaware,fold,4,nca,0.2,251,0.46504954526661146,0.523756906077348,44,80,0.5453797910411221,0.4854216736203239,0.6222370096529062,757418.0,459832.0,802912.0
nnUNetResEnc_Layer1_sourceaware,fold,4,nca,0.3,251,0.46407108842413736,0.5339130434782609,48,80,0.546347023595728,0.477682926047695,0.6380651126158904,745343.0,422787.0,814987.0
nnUNetResEnc_Layer1_sourceaware,fold,4,nca,0.4,251,0.4633271389596483,0.5323609845031905,50,81,0.5467877120941548,0.47115738337402985,0.6513412032377415,735161.0,393527.0,825169.0
nnUNetResEnc_Layer1_sourceaware,fold,4,nca,0.5,251,0.4625586842869291,0.5291396854764108,50,81,0.5468955560330366,0.4649048598693866,0.6639984256004686,725405.0,367075.0,834925.0
nnUNetResEnc_Layer1_sourceaware,fold,4,nca,0.6,251,0.46115112553012366,0.5258654220147803,50,82,0.5463126974399103,0.45818448661501093,0.6764160458387658,714919.0,342003.0,845411.0
nnUNetResEnc_Layer1_sourceaware,fold,4,nca,0.7,251,0.45979512764970853,0.5252525252525253,51,85,0.5452475104677482,0.4505021373683772,0.6904581824753995,702932.0,315134.0,857398.0
nnUNetResEnc_Layer1_sourceaware,fold,4,nca,0.8,251,0.45729977442262376,0.5136729222520108,51,85,0.5424714315863858,0.43983772663475035,0.7075817187538663,686292.0,283620.0,874038.0
nnUNetResEnc_Layer1_sourceaware,fold,4,nca,0.9,251,0.4524350582383697,0.4977449774497745,51,88,0.5336598365200828,0.4194253779649177,0.7334113317330213,654442.0,237884.0,905888.0
nnUNetResEnc_Layer1_sourceaware,fold,4,pca,0.05,366,0.6926281115246568,0.7615519255974363,10,29,0.800795657947799,0.8937311473259029,0.7253676120458419,7738448.0,2929864.0,920138.0
nnUNetResEnc_Layer1_sourceaware,fold,4,pca,0.1,366,0.697533403403573,0.7676163673781007,11,30,0.8147493468991373,0.8771811009326466,0.760614039409755,7595148.0,2390400.0,1063438.0
nnUNetResEnc_Layer1_sourceaware,fold,4,pca,0.2,366,0.7005034453229436,0.7702457129349028,12,28,0.8229342334620672,0.8581609052563548,0.7904855685207495,7430460.0,1969408.0,1228126.0
nnUNetResEnc_Layer1_sourceaware,fold,4,pca,0.3,366,0.7016369490407535,0.7724341005085769,13,27,0.8253756707570299,0.8449260652951879,0.8067095522966065,7315865.0,1752907.0,1342721.0
nnUNetResEnc_Layer1_sourceaware,fold,4,pca,0.4,366,0.7021300274754819,0.7711596281642776,13,26,0.8261146163303764,0.8336311494740596,0.8187324193363792,7218067.0,1598082.0,1440519.0
nnUNetResEnc_Layer1_sourceaware,fold,4,pca,0.5,366,0.7022454328093846,0.7717241994469717,13,26,0.8257708381906714,0.8227976253859464,0.8287656165751635,7124264.0,1471971.0,1534322.0
nnUNetResEnc_Layer1_sourceaware,fold,4,pca,0.6,366,0.7020953295032979,0.7703265096454823,13,26,0.8245311945142887,0.8114614788142083,0.8380288140990853,7026109.0,1357981.0,1632477.0
nnUNetResEnc_Layer1_sourceaware,fold,4,pca,0.7,366,0.7015622733683352,0.7701594552911124,14,26,0.822048625155005,0.7980855072641191,0.8474953095385676,6910292.0,1243490.0,1748294.0
nnUNetResEnc_Layer1_sourceaware,fold,4,pca,0.8,366,0.7007804796820588,0.770236346219801,15,26,0.817342152557016,0.7800795649543701,0.8583432126964504,6754386.0,1114711.0,1904200.0
nnUNetResEnc_Layer1_sourceaware,fold,4,pca,0.9,366,0.6984047694151397,0.7703037597019335,15,28,0.805320059644437,0.7469423991399982,0.8735964298990283,6467465.0,935799.0,2191121.0
nnUNetResEnc_Layer1_sourceaware,all_folds_oof,all,all,0.05,3087,0.5901247945072715,0.69537618120176,267,608,0.7646201484020609,0.8538748872353289,0.6922589694443374,44217771.0,19656838.0,7567065.0
nnUNetResEnc_Layer1_sourceaware,all_folds_oof,all,all,0.1,3087,0.5933151067983721,0.6987083208170621,275,603,0.7774799775843934,0.8370718408763523,0.7258090107313092,43347628.0,16375560.0,8437208.0
nnUNetResEnc_Layer1_sourceaware,all_folds_oof,all,all,0.2,3087,0.5950391573146466,0.7002960039467193,292,598,0.7854185998765635,0.8189701324920677,0.7545079510929257,42410234.0,13798894.0,9374602.0
nnUNetResEnc_Layer1_sourceaware,all_folds_oof,all,all,0.3,3087,0.5953664194706163,0.699728997289973,302,599,0.7884372697704651,0.8068055868710292,0.7708867077430632,41780295.0,12417416.0,10004541.0
nnUNetResEnc_Layer1_sourceaware,all_folds_oof,all,all,0.4,3087,0.5952639784900353,0.7009316770186336,310,603,0.7899052906705817,0.7965332554109084,0.7833867184544376,41248344.0,11405528.0,10536492.0
nnUNetResEnc_Layer1_sourceaware,all_folds_oof,all,all,0.5,3087,0.5948425166931705,0.70165135772725,317,607,0.7904542852942633,0.7866356089261343,0.7943102175995036,40735796.0,10548696.0,11049040.0
nnUNetResEnc_Layer1_sourceaware,all_folds_oof,all,all,0.6,3087,0.5941287147364581,0.7009873060648801,325,609,0.7901750447299944,0.7761808302337773,0.8046831439765405,40194397.0,9756192.0,11590439.0
nnUNetResEnc_Layer1_sourceaware,all_folds_oof,all,all,0.7,3087,0.5930787727746163,0.700228283071008,338,618,0.7888706902824202,0.7637670803862351,0.815680601505248,39551553.0,8937467.0,12233283.0
nnUNetResEnc_Layer1_sourceaware,all_folds_oof,all,all,0.8,3087,0.5914323001512581,0.6958579881656805,346,626,0.785529463755024,0.7467368439672185,0.8285734561753149,38669645.0,8000502.0,13115191.0
nnUNetResEnc_Layer1_sourceaware,all_folds_oof,all,all,0.9,3087,0.5874758587391511,0.6949960285941224,363,638,0.7755499833545274,0.7148111080239783,0.8475696035081002,37016376.0,6657177.0,14768460.0
nnUNetResEnc_Layer1_sourceaware,all_folds_oof,all,nca,0.05,1256,0.45667337676055786,0.507004972129706,201,426,0.55910647202578,0.5720066198347535,0.5467753510179966,4312450.0,3574610.0,3226711.0
nnUNetResEnc_Layer1_sourceaware,all_folds_oof,all,nca,0.1,1256,0.45652516672400767,0.512219447982502,207,423,0.5584260505928647,0.5505454784690232,0.5665355058313977,4150651.0,3175723.0,3388510.0
nnUNetResEnc_Layer1_sourceaware,all_folds_oof,all,nca,0.2,1256,0.4556240648740703,0.5092777383600267,220,425,0.5545021786028902,0.527246466815074,0.5847294406347505,3974996.0,2823013.0,3564165.0
nnUNetResEnc_Layer1_sourceaware,all_folds_oof,all,nca,0.3,1256,0.4543630358547543,0.5121696211331248,227,427,0.5509942328793711,0.51229533365848,0.5960175243127463,3862277.0,2617863.0,3676884.0
nnUNetResEnc_Layer1_sourceaware,all_folds_oof,all,nca,0.4,1256,0.45313432957877436,0.5119074954268177,231,432,0.547639702360951,0.5002280757766017,0.6049796888332136,3771300.0,2462463.0,3767861.0
nnUNetResEnc_Layer1_sourceaware,all_folds_oof,all,nca,0.5,1256,0.45177586485264254,0.513451810772204,236,435,0.543845624285531,0.488763404840406,0.6129199236325567,3684866.0,2327120.0,3854295.0
nnUNetResEnc_Layer1_sourceaware,all_folds_oof,all,nca,0.6,1256,0.4501188643601338,0.5121419089366857,240,438,0.5391434027090984,0.47669760600682226,0.6204158040909222,3593900.0,2198828.0,3945261.0
nnUNetResEnc_Layer1_sourceaware,all_folds_oof,all,nca,0.7,1256,0.44796941172712273,0.5119711714344255,248,445,0.5330819586327135,0.4628293519663528,0.6284783304482143,3489345.0,2062708.0,4049816.0
nnUNetResEnc_Layer1_sourceaware,all_folds_oof,all,nca,0.8,1256,0.44520475398916637,0.5100845846174021,253,449,0.5243259919683148,0.44487748703071867,0.6383205523428094,3354003.0,1900415.0,4185158.0
nnUNetResEnc_Layer1_sourceaware,all_folds_oof,all,nca,0.9,1256,0.4395494217310572,0.49932293917533765,267,459,0.5063258060285503,0.413251288837047,0.6535133415124723,3115568.0,1651845.0,4423593.0
nnUNetResEnc_Layer1_sourceaware,all_folds_oof,all,pca,0.05,1831,0.681667656708186,0.7577810626591115,66,182,0.7962493753568178,0.9019033159738211,0.7127534909592131,39905321.0,16082228.0,4340354.0
nnUNetResEnc_Layer1_sourceaware,all_folds_oof,all,pca,0.1,1831,0.68714807497609,0.7623855260218897,68,180,0.8111748239431209,0.8858939772079418,0.7480793965831587,39196977.0,13199837.0,5048698.0
nnUNetResEnc_Layer1_sourceaware,all_folds_oof,all,pca,0.2,1831,0.690672885389668,0.7648663393344245,72,173,0.8207677491074487,0.8686778538241309,0.7778661721868716,38435238.0,10975881.0,5810437.0
nnUNetResEnc_Layer1_sourceaware,all_folds_oof,all,pca,0.3,1831,0.6920896580405371,0.7672403271085073,75,172,0.8246341804855387,0.856988123697966,0.794634286812294,37918018.0,9799553.0,6327657.0
nnUNetResEnc_Layer1_sourceaware,all_folds_oof,all,pca,0.4,1831,0.6927597944553817,0.7661613272311213,79,171,0.8267075482411314,0.8470216354479845,0.8073450236835937,37477044.0,8943065.0,6768631.0
nnUNetResEnc_Layer1_sourceaware,all_folds_oof,all,pca,0.5,1831,0.6929810828928967,0.766654373096204,81,172,0.8277855869301008,0.8373909992332584,0.818398036106064,37050930.0,8221576.0,7194745.0
nnUNetResEnc_Layer1_sourceaware,all_folds_oof,all,pca,0.6,1831,0.6929142811333253,0.7671634497923283,85,171,0.8280324216895577,0.8272107273761786,0.8288557500554657,36600497.0,7557364.0,7645178.0
nnUNetResEnc_Layer1_sourceaware,all_folds_oof,all,pca,0.7,1831,0.6926185638590783,0.7674697191534673,90,173,0.8272795403470338,0.8150448151146976,0.8398871769400945,36062208.0,6874759.0,8183467.0
nnUNetResEnc_Layer1_sourceaware,all_folds_oof,all,pca,0.8,1831,0.6917391259183736,0.7667814113597247,93,177,0.8245403495838103,0.7981716179038968,0.8527108625807359,35315642.0,6100087.0,8930033.0
nnUNetResEnc_Layer1_sourceaware,all_folds_oof,all,pca,0.9,1831,0.688948062388612,0.765807962529274,96,179,0.8153955027920918,0.7661948427727682,0.8713485326480602,33900808.0,5005332.0,10344867.0
